Company Name,Contact Name,Email,Website,Country,Industry
ABC Ltd,John Doe,john@abc-ltd-example.com,abc-ltd-example.com,India,Real Estate
XYZ Corp,Jane Smith,jane@xyzcorp-example.com,xyzcorp-example.com,USA,Technology
Delta Traders,Amit Kumar,amit@deltatraders-example.com,deltatraders-example.com,India,Import/Export
Northwind Foods,Sarah Lee,sarah@northwindfoods-example.com,northwindfoods-example.com,Canada,Food & Beverage
BlueSky Aviation,Michael Chen,michael@blueskyaviation-example.com,blueskyaviation-example.com,Singapore,Aviation
Greenfield Energy,Priya Patel,priya@greenfieldenergy-example.com,greenfieldenergy-example.com,India,Renewable Energy
Summit Consulting,David Brown,david@summitconsulting-example.com,summitconsulting-example.com,UK,Consulting
Orion Logistics,Emma Wilson,emma@orionlogistics-example.com,orionlogistics-example.com,Australia,Logistics
Bala Ji,Pranav Chutiye,pranav@merchantminds.in,https://www.merchantminds.in/,India,Brass Manufacturing
